Rank,City,Cost of Living Index,Rent Index,Cost of Living Plus Rent,Groceries Index,Resaurant Price Index,Local Purchasing Power Index
1,"Hamilton, Bermuda",144.81,85.01,116.15,150.17,145.45,80.42
2,"Lugano, Switzerland",132.41,41.64,88.91,140.09,115.96,99.73
3,"Zurich, Switzerland",132,65.85,100.3,133.03,120.68,123.01
4,"Basel, Switzerland",131.19,48.43,91.53,129.9,128.47,111.87
5,"Geneva, Switzerland",128.14,66.41,98.56,127.77,119.58,114.18
6,"Lausanne, Switzerland",124.12,54.71,90.86,124.08,118.43,119.77
7,"Bern, Switzerland",118.31,43.78,82.6,109.55,113.39,126.03
8,"Stavanger, Norway",101.05,33.65,68.75,98.72,97.73,79.59
9,"New York, NY, United States",100,100,100,100,100,100
10,"Trondheim, Norway",95.85,35.26,66.81,91.03,92.96,82.92
11,"Oslo, Norway",95.41,40.2,68.95,90.14,94.37,87.2
12,"Honolulu, HI, United States",95.08,63.69,80.04,101.17,79.75,75.98
13,"Bergen, Norway",93.99,31.25,63.93,87.26,93.74,94.11
14,"Copenhagen, Denmark",93.25,48.93,72.01,73.3,105.17,89.49
15,"Dubrovnik, Croatia",92.27,24.75,59.92,85.78,85.29,32.5
16,"San Francisco, CA, United States",91.6,110.38,100.6,92.66,85.93,143.38
17,"Reykjavik, Iceland",91.07,43.4,68.23,82.57,100.51,75.12
18,"Tel Aviv-Yafo, Israel",90.96,45.17,69.02,81.15,92.41,66.66
19,"Anchorage, AK, United States",90.74,37.75,65.35,93.11,73.69,114.3
20,"Paris, France",90.52,47.95,70.12,89.2,82.51,73.96
21,"Nassau, Bahamas",90.26,37.65,65.05,75.62,86.82,44.84
22,"Aalborg, Denmark",90.19,25.55,59.22,78.27,99.89,106.39
23,"Tokyo, Japan",89.85,42.07,66.95,93.55,48.98,76.91
24,"Alexandria, VA, United States",89.79,55.7,73.46,92.34,75.86,145.17
25,"Oakland, CA, United States",89.66,82.53,86.24,95.99,71.88,95.76
26,"Arhus, Denmark",89.36,33.83,62.75,71.17,93.56,89.88
27,"Boston, MA, United States",88.28,76.42,82.6,90.62,83.57,106.22
28,"Seattle, WA, United States",88.2,67.65,78.35,83.97,84.34,130.53
29,"Luxembourg, Luxembourg",86.84,59.85,73.9,79.69,88.96,104.61
30,"Ramat Gan, Israel",86.54,33.52,61.13,71.67,87.98,76.24
31,"Jersey City, NJ, United States",85.23,62.7,74.43,91.16,67.62,119.14
32,"Seoul, South Korea",84.88,30.74,58.94,107.52,44.66,75.14
33,"Osaka, Japan",84.77,23.36,55.34,86.38,48.08,85.72
34,"Dublin, Ireland",84.77,64.36,74.99,69.95,79.02,67.72
35,"Washington, DC, United States",84.48,75.94,80.39,81.37,78.98,118.28
36,"Amsterdam, Netherlands",83.75,57.38,71.11,63.77,88.06,83.63
37,"Fremont, CA, United States",83.67,71.62,77.9,82.66,88.71,128.47
38,"Singapore, Singapore",82.62,63.2,73.31,71.79,58.94,86.32
39,"Saint Paul, MN, United States",82.3,39.19,61.64,84.37,71.72,103.58
40,"Antibes, France",82.13,33.18,58.67,72.95,77.68,85.98
41,"Stockholm, Sweden",81.97,40.13,61.92,72.49,82.99,83.42
42,"Sydney, Australia",81.85,56.76,69.83,75.87,67.48,99.13
43,"Fort Lauderdale, FL, United States",81.8,54.88,68.9,94.58,68.84,99.27
44,"Jerusalem, Israel",81.56,33.92,58.73,65.66,87.54,68.52
45,"Chicago, IL, United States",81.48,55.33,68.95,79.19,74.71,111.9
46,"Cork, Ireland",81.42,42.71,62.87,68.16,81.84,74.96
47,"Los Angeles, CA, United States",81.39,72.45,77.11,78.67,86.34,103.55
48,"Utrecht, Netherlands",81.27,43.57,63.2,61.97,85.95,78.2
49,"London, United Kingdom",81.15,68.03,74.86,60.3,82.8,85.23
50,"Charleston, SC, United States",81.1,48.91,65.68,84.85,72.96,101.73
51,"Uppsala, Sweden",80.81,27.35,55.19,74.4,76.91,79.78
52,"Minneapolis, MN, United States",80.8,42.97,62.67,78.77,74.02,119.22
53,"Galway, Ireland",80.76,38.23,60.38,67.3,76.82,76.35
54,"Odense, Denmark",80.57,28.32,55.53,61.91,93.56,96.79
55,"Haifa, Israel",80.49,21.49,52.21,66.15,82.97,82.57
56,"Darwin, Australia",80.18,31.45,56.83,78.27,77.27,120.28
57,"Hong Kong, Hong Kong",80.1,73.32,76.85,81.51,58.19,66.89
58,"Milan, Italy",79.98,43.86,62.67,68.94,79.1,54.27
59,"Milwaukee, WI, United States",79.62,34.34,57.92,85.42,65.76,86.53
60,"Breda, Netherlands",79.54,30.75,56.16,59.37,86.28,92.38
61,"Beirut, Lebanon",79.29,24.66,53.11,74.71,65.68,25.56
62,"Munich, Germany",79.04,46.29,63.34,64.33,74.68,90.99
63,"Lyon, France",78.93,26.9,54,74.98,67.47,80.18
64,"San Jose, CA, United States",78.88,82.67,80.69,75.4,77.78,143.06
65,"Philadelphia, PA, United States",78.45,46.6,63.19,80.12,64.37,90.97
66,"Irvine, CA, United States",78.36,66.92,72.88,72.22,76.65,139.71
67,"Pittsburgh, PA, United States",78.3,35.83,57.95,81.5,61.56,107.05
68,"Oulu, Finland",78.28,20.75,50.71,77.63,68.29,92.55
69,"Eindhoven, Netherlands",78.17,37.35,58.61,62.2,78.35,91.27
70,"San Diego, CA, United States",78.14,66.91,72.76,76.63,76.36,120.23
71,"Miami, FL, United States",78.07,57.31,68.12,74.5,73.69,81.82
72,"Newcastle, Australia",77.99,38.61,59.12,71.92,76.33,115.92
73,"Groningen, Netherlands",77.96,27.14,53.61,59.33,77.06,83.65
74,"Portland, OR, United States",77.71,47.73,63.34,77.06,67.79,108.47
75,"Linz, Austria",77.59,27.1,53.4,70.02,75.86,75.59
76,"Brighton, United Kingdom",77.58,42.07,60.56,59.56,81.68,75.86
77,"Haarlem, Netherlands",77.54,51.57,65.09,58.52,76.29,84.31
78,"Leiden, Netherlands",77.34,35.14,57.12,58.69,80.89,82.08
79,"Charlotte, NC, United States",77.31,44.01,61.35,75.21,67.82,118.54
80,"Marseille, France",77.21,24.34,51.87,75.55,68.88,62.08
81,"Perth, Australia",77.2,29.37,54.28,71.12,69.5,103.2
82,"Nice, France",77.19,34.94,56.94,70.35,75.41,68.77
83,"Helsinki, Finland",77.13,37.6,58.19,66.56,82.09,89.35
84,"Montpellier, France",77.11,22.76,51.06,74.45,68.24,62.16
85,"Auckland, New Zealand",77.08,40.54,59.57,74.47,63.04,84.8
86,"Canberra, Australia",77.08,39.48,59.06,77.32,71.41,103.16
87,"Leuven, Belgium",77.02,26.78,52.95,66.93,76.42,78.49
88,"Tampa, FL, United States",76.98,40.95,59.72,82.65,65.3,109.66
89,"Atlanta, GA, United States",76.94,48.05,63.1,79.13,62.47,144.69
90,"Asheville, NC, United States",76.87,40.78,59.58,80.84,70.73,101.86
91,"Valletta, Malta",76.86,42.64,60.46,66.1,76.64,35.79
92,"Grenoble, France",76.62,21.81,50.36,74.09,68.4,73.25
93,"Peterborough, United Kingdom",76.55,23.87,51.31,74.37,64.59,61.76
94,"Brisbane, Australia",76.31,34.67,56.36,72.66,71.6,103.75
95,"Cleveland, OH, United States",76.29,39.34,58.58,79.87,66.2,91.49
96,"Sacramento, CA, United States",76.26,46.3,61.9,74.4,66.49,109.88
97,"Lund, Sweden",76.22,28.32,53.27,67.98,85.94,112.34
98,"Salzburg, Austria",76.21,32.11,55.07,74.87,65.52,76.79
99,"Gold Coast, Australia",76.06,38.2,57.91,71.17,77.02,107.65
100,"Rome, Italy",76.03,34.04,55.91,65.5,73.25,52.5
101,"Nijmegen, Netherlands",75.93,32.71,55.22,58.95,77.63,104.59
102,"Graz, Austria",75.88,21.92,50.02,70.85,60.35,78.09
103,"New Orleans, LA, United States",75.87,40.06,58.71,74.58,71.92,91.16
104,"Brussels, Belgium",75.8,31.55,54.59,65.31,79.88,89.85
105,"Gent, Belgium",75.72,25.02,51.42,65.74,75.38,76.13
106,"Toulouse, France",75.68,22.77,50.32,72.78,69.55,91.3
107,"Antwerp, Belgium",75.55,25.5,51.57,63.32,84.03,81.77
108,"Tampere, Finland",75.46,25.47,51.51,63.41,78.44,91.31
109,"Brescia, Italy",75.24,18.74,48.17,71.16,71.87,62.15
110,"Gothenburg, Sweden",75.21,33.12,55.04,65.73,81.83,88.31
111,"Maastricht, Netherlands",75.16,35.3,56.06,57.89,77.45,84.24
112,"Kingston, Canada",75.04,28.56,52.77,83.24,57.21,71.1
113,"Genoa, Italy",74.75,19.41,48.23,67.32,70.95,55.66
114,"Sliema, Malta",74.67,34.07,55.21,63.19,81.55,44.39
115,"Denver, CO, United States",74.61,52.71,64.12,68.83,71.95,120.04
116,"Limerick, Ireland",74.6,35.88,56.05,64.1,66.31,72.19
117,"Rotterdam, Netherlands",74.52,40.74,58.33,58.08,67.96,82.85
118,"Frankfurt, Germany",74.41,40.53,58.17,53.99,67.45,100.7
119,"Parma, Italy",74.19,20.94,48.67,56.36,85.04,61.51
120,"Hamilton, New Zealand",74.05,27.13,51.57,71.52,66.72,80.27
121,"Everett, WA, United States",74,44.2,59.72,70.14,81.65,104.98
122,"Christchurch, New Zealand",73.94,30.06,52.91,69.67,68.35,87.06
123,"Melbourne, Australia",73.87,40.02,57.65,73.99,60.14,105.97
124,"Baltimore, MD, United States",73.85,43.49,59.3,71.35,70.7,105.66
125,"Birmingham, AL, United States",73.73,29.87,52.71,75.62,61.88,89.77
126,"Bergamo, Italy",73.7,20.81,48.36,64.85,74.15,62.18
127,"Florence, Italy",73.55,31.58,53.44,64.49,73.17,53.51
128,"Malmo, Sweden",73.41,27.08,51.21,67.04,72.19,91.31
129,"Adelaide, Australia",73.34,28.34,51.77,73.93,63.16,106.58
130,"Spokane, WA, United States",73.34,29.28,52.23,71.58,71.16,97.42
131,"Rochester, NY, United States",73.3,30.12,52.61,73.24,67.97,102.35
132,"Ann Arbor, MI, United States",73.13,50.27,62.18,73.2,63.44,116.31
133,"Red Deer, Canada",72.86,22.11,48.54,69.18,64.22,103.89
134,"Victoria, Canada",72.85,39.54,56.89,77.78,64.94,81.87
135,"Burnaby, Canada",72.64,43.49,58.67,72.55,65.64,77.99
136,"Bologna, Italy",72.58,27.11,50.79,66.39,71.19,58.54
137,"Nashville, TN, United States",72.58,46.6,60.13,67.11,74.91,110.86
138,"Fredericton, Canada",72.56,21.68,48.18,73.26,64.82,84.83
139,"Columbus, OH, United States",72.34,32.47,53.24,72.17,64.77,127.34
140,"Bellingham, WA, United States",72.33,38.32,56.03,72.93,61.46,92.81
141,"Turku, Finland",72.3,23.2,48.77,59.32,78.95,104.98
142,"Heidelberg, Germany",72.24,30.39,52.18,50.9,76.68,89.59
143,"Toronto, Canada",72.19,50.22,61.66,65.1,71.01,87.1
144,"Saint John's, Canada",72.11,20.71,47.48,71.02,64.86,62.77
145,"Verona, Italy",72.1,22.55,48.36,64.3,67.58,67.35
146,"Colorado Springs, CO, United States",72.05,35.5,54.53,75.6,58.34,111.17
147,"Surrey, Canada",72.02,38.68,56.04,77.4,61.25,73.48
148,"Edinburgh, United Kingdom",71.9,33.29,53.4,57.47,80.76,78.41
149,"Trieste, Italy",71.88,17.71,45.92,66.87,66.98,68.01
150,"Vancouver, Canada",71.83,49,60.89,75.66,61.42,97.98
151,"Halifax, Canada",71.79,30.7,52.1,77.87,58.87,76.79
152,"Delft, Netherlands",71.79,30.36,51.94,58.13,66.65,97.24
153,"Hobart, Australia",71.79,34.83,54.08,68.69,63.95,105.32
154,"Espoo, Finland",71.71,29.88,51.66,57.47,76.73,114.41
155,"Cambridge, United Kingdom",71.65,40.74,56.84,55.69,76.69,78.58
156,"Lille, France",71.61,26.85,50.16,65.2,64.98,74.42
157,"Albany, NY, United States",71.59,33.22,53.2,66.3,76.04,115.9
158,"Bristol, United Kingdom",71.4,36.66,54.75,55.72,76.78,83.82
159,"Enschede, Netherlands",71.29,26.76,49.95,59.49,70.98,92.49
160,"Aberdeen, United Kingdom",71.01,25.89,49.39,55.84,75.29,104.63
161,"York, United Kingdom",70.97,29.47,51.09,59.27,70.62,75.38
162,"Reading, United Kingdom",70.94,38.9,55.59,64.31,59.7,107.26
163,"San Juan, Puerto Rico",70.94,25.61,49.22,74.99,60.44,74.36
164,"Buffalo, NY, United States",70.94,27.72,50.23,70.48,62.36,101.94
165,"Hamburg, Germany",70.88,35.29,53.83,55.46,61.94,89.17
166,"Riverside, CA, United States",70.81,44.07,58,67.39,67.73,99.32
167,"Macao, Macao",70.78,41.03,56.52,69.79,48.99,68.36
168,"Calgary, Canada",70.61,28.79,50.57,67.01,66.44,109.47
169,"Dresden, Germany",70.59,23.54,48.04,56.25,63.48,101.78
170,"Wellington, New Zealand",70.48,39.56,55.66,66.48,60.85,100.2
171,"Raleigh, NC, United States",70.39,36.39,54.1,73.55,68.05,132.94
172,"Berlin, Germany",70.37,34.27,53.07,58.95,56.55,93.76
173,"Edmonton, Canada",70.13,26.1,49.03,66.41,66.43,95.02
174,"Olympia, WA, United States",70.1,39.48,55.42,68.64,64.14,119.4
175,"Stuttgart, Germany",70.01,35.1,53.28,53.97,68.98,100.31
176,"Saint Petersburg, FL, United States",69.98,37.54,54.44,72.66,59.18,108.12
177,"Cologne, Germany",69.9,29.92,50.74,51.72,63.96,89.88
178,"Mannheim, Germany",69.84,22.4,47.1,50.79,63.8,95.2
179,"Guelph, Canada",69.81,30.77,51.1,63.63,71.36,86.31
180,"Nuremberg, Germany",69.8,27.07,49.32,57.26,60.33,99.74
181,"Jacksonville, FL, United States",69.76,33.69,52.47,74.71,66.45,115.96
182,"Kansas City, MO, United States",69.56,28.97,50.11,64.23,68.01,121.51
183,"Mississauga, Canada",69.47,43.1,56.83,67.07,56.37,89.84
184,"Swansea, United Kingdom",69.43,20.39,45.93,55.65,73.07,91.93
185,"The Hague (Den Haag), Netherlands",69.39,34.32,52.59,57.31,65.09,99
186,"Oxford, United Kingdom",69.36,47.39,58.83,57.02,66.69,88.51
187,"Bonn, Germany",69.32,30.47,50.7,50.4,62.2,105.8
188,"Orlando, FL, United States",69.29,39.87,55.19,67.78,69.76,106.86
189,"Turin, Italy",69.28,21.44,46.35,58.21,68.2,62.64
190,"Dusseldorf, Germany",69.19,28.95,49.91,51.43,65.2,92.01
191,"Vienna, Austria",69.14,32.44,51.55,60.25,63.2,88.53
192,"Vancouver, WA, United States",69.14,39.59,54.98,67.62,65.24,122.31
193,"Zadar, Croatia",69.01,23.01,46.97,60.59,66.71,28.71
194,"Erlangen, Germany",68.86,23.94,47.33,52.77,67.78,114.83
195,"Manchester, United Kingdom",68.75,30.46,50.4,56.64,76.22,96.73
196,"Saskatoon, Canada",68.65,25.05,47.76,65.08,59.02,91.69
197,"Portsmouth, United Kingdom",68.6,30.64,50.41,56.34,78.3,75.84
198,"Freiburg im Breisgau, Germany",68.48,35.05,52.46,52.49,65.58,95.2
199,"Plymouth, United Kingdom",68.43,22.68,46.51,53.98,70.43,80.61
200,"Las Vegas, NV, United States",68.4,37.86,53.76,59.39,72.42,113.33
201,"Ottawa, Canada",68.39,36.59,53.15,64.26,67.3,99.84
202,"Lincoln, United Kingdom",68.36,21.54,45.92,56.41,76,100.55
203,"Omaha, NE, United States",68.22,30.9,50.34,66.01,58.84,113.44
204,"Nottingham, United Kingdom",68.15,23.58,46.79,58.93,65.74,79.45
205,"Nanaimo, BC, Canada",68.11,28.65,49.2,69.11,62.82,63.14
206,"Saint Louis, MO, United States",67.91,31.59,50.51,67.94,58.24,127.98
207,"Madison, WI, United States",67.56,37.2,53.01,66.14,62.6,118.34
208,"Dubai, United Arab Emirates",67.51,50,59.12,52.78,67.52,86.28
209,"Exeter, United Kingdom",67.48,27.19,48.17,50.41,70.16,90.49
210,"Birmingham, United Kingdom",67.44,29,49.02,54.55,65.47,78.13
211,"Southampton, United Kingdom",67.44,29.75,49.38,54.29,67.4,88.65
212,"Detroit, MI, United States",67.36,39.86,54.18,67.37,56.74,79.1
213,"Padova, Italy",67.34,21.08,45.17,53.4,66.5,71.44
214,"Louisville, KY, United States",67.33,33.38,51.06,65.34,73.29,109.16
215,"Limassol, Cyprus",67.24,30.24,49.51,52.45,75.7,54.81
216,"Reno, NV, United States",67.17,40.11,54.2,67.44,64.5,124.47
217,"Houston, TX, United States",67.14,41.24,54.73,64.34,65.71,140.8
218,"Coquitlam, Canada",67.11,42.26,55.2,67.66,57.98,82.87
219,"Richmond, VA, United States",67.07,35.19,51.79,64.34,68.82,113.83
220,"Tucson, AZ, United States",67.06,26.22,47.49,64.16,58.48,100.92
221,"Knoxville, TN, United States",66.98,32.92,50.66,72.55,57.94,102.62
222,"Brampton, Canada",66.79,37.49,52.75,60.41,55.09,83.02
223,"Eugene, OR, United States",66.77,33.22,50.69,73.06,54.62,99.07
224,"Winnipeg, Canada",66.61,24.46,46.41,66.03,56.99,91.86
225,"Fort Worth, TX, United States",66.46,33.19,50.52,62.4,57.87,125.3
226,"Naples, Italy",66.45,21.01,44.68,58.2,55.14,51.84
227,"Lincoln, NE, United States",66.41,25.68,46.89,66.44,64.57,112.87
228,"Coventry, United Kingdom",66.4,26.34,47.2,57.67,61.1,106.66
229,"Derby, United Kingdom",66.18,20.95,44.5,52.73,65.8,94.75
230,"Fresno, CA, United States",66.12,31.89,49.72,61.67,59.63,110.29
231,"Regina, Canada",66.05,26.23,46.97,66.78,58.3,87.28
232,"Liverpool, United Kingdom",66.01,23.7,45.73,51.3,72.95,88.82
233,"Des Moines, IA, United States",65.98,28.93,48.23,67.56,56.47,119.96
234,"Nicosia, Cyprus",65.94,19.41,43.64,55.32,64.94,56.44
235,"Darmstadt, Germany",65.85,27.6,47.52,52.39,54.88,113.66
236,"Bilbao, Spain",65.84,27.93,47.67,57.72,60.91,65.94
237,"Cardiff, United Kingdom",65.77,25.14,46.3,56.44,59.5,91.43
238,"Phoenix, AZ, United States",65.77,37.1,52.03,60.85,63.08,120.32
239,"Dundee, United Kingdom",65.77,20.95,44.29,55.68,70.78,89.36
240,"Oklahoma City, OK, United States",65.61,29.08,48.1,70.83,51.83,119.96
241,"Montreal, Canada",65.57,28.43,47.77,68.47,57.43,85.64
242,"Cincinnati, OH, United States",65.53,34.05,50.44,66.82,56.66,124.02
243,"Akron, OH, United States",65.46,20.65,43.99,70.27,48.14,105.78
244,"Kelowna, Canada",65.43,33.7,50.23,62.98,58.87,90.05
245,"Albuquerque, NM, United States",65.39,26.96,46.98,66.21,63.34,108.73
246,"Leicester, United Kingdom",65.37,21.95,44.56,51.06,65.95,90.19
247,"Tulsa, OK, United States",65.27,27.99,47.4,68.37,53.22,115.97
248,"Toledo, OH, United States",65.25,20.93,44.01,64.06,60.25,104.12
249,"Hamilton, Canada",65.2,29.3,48,63.11,57.06,85.63
250,"Karlsruhe, Germany",65.18,25.1,45.97,50.06,56.05,105.19
251,"Sheffield, United Kingdom",65.11,25.05,45.92,58.79,58.95,86.13
252,"Essen, Germany",65.05,21.3,44.08,48.61,64.78,100.84
253,"Doha, Qatar",65.04,45.52,55.68,57.46,61.58,98.32
254,"Indianapolis, IN, United States",64.92,29.96,48.16,61.56,58.15,119.45
255,"Bremen, Germany",64.84,23.16,44.87,50.03,59.5,88.85
256,"Dallas, TX, United States",64.83,47.08,56.33,58.25,64.99,158.98
257,"Glasgow, United Kingdom",64.83,25.54,46,53.16,68.53,96.08
258,"Taipei, Taiwan",64.56,21.83,44.08,77.92,30.09,63.68
259,"Baton Rouge, LA, United States",64.44,31.97,48.88,62.71,64.23,93.19
260,"Salt Lake City, UT, United States",64.38,37.24,51.37,60.54,62.44,128.71
261,"Little Rock, AR, United States",64.37,26.44,46.19,60.73,65.86,125.54
262,"Newcastle upon Tyne, United Kingdom",64.04,23.64,44.68,53.25,63.14,88.05
263,"Kitchener, Canada",63.96,29.42,47.41,60.51,62.38,82.82
264,"Quebec City, Canada",63.83,18,41.87,67.17,51.57,89.75
265,"Stoke-on-Trent, United Kingdom",63.78,15.5,40.64,47.32,62.64,88.1
266,"Austin, TX, United States",63.69,49.23,56.76,62.61,63.53,134.3
267,"Barcelona, Spain",63.6,31.84,48.38,51.96,61.71,60.58
268,"Leipzig, Germany",63.29,21.36,43.19,48.03,53.99,75.04
269,"Hanover, Germany",63.27,24.91,44.89,48.11,60.61,117.29
270,"San Antonio, TX, United States",63.19,36.39,50.35,58,65.77,111.51
271,"Bournemouth, United Kingdom",63.14,30.58,47.54,46.13,67.97,89.2
272,"Chattanooga, TN, United States",62.95,35.57,49.83,63.55,53.66,99.35
273,"London, Canada",62.72,27.93,46.05,58.4,59.67,101.47
274,"Boise, ID, United States",62.65,36.54,50.14,57.04,64.14,103.41
275,"Aachen, Germany",62.6,21.18,42.75,48.61,50.74,104.9
276,"Madrid, Spain",62.36,34.41,48.97,51.16,60.76,65.97
277,"Memphis, TN, United States",61.96,27.87,45.62,54.87,62.62,107.6
278,"Belfast, United Kingdom",61.83,24.35,43.87,53.95,64.5,88.55
279,"Leeds, United Kingdom",61.68,27.68,45.38,50.52,62.93,91.42
280,"Windsor, Canada",61.54,22.59,42.88,56.95,58.7,81.9
281,"Kaohsiung, Taiwan",61.53,12.15,37.87,75.4,25.91,57.74
282,"Addis Ababa, Ethiopia",61.39,15.61,39.45,41.28,19.76,9.59
283,"Kingston upon Hull, United Kingdom",61.19,20.06,41.48,47.09,62.02,87.81
284,"Huntsville, AL, United States",60.84,29.74,45.94,63.64,57.27,128.93
285,"Larnaca, Cyprus",60.56,18.75,40.52,50.97,54.42,53.44
286,"Palma de Mallorca, Spain",60.36,29.94,45.78,47.16,67.26,57.57
287,"Wichita, KS, United States",60.33,22.77,42.33,56.73,53.5,113.59
288,"Abu Dhabi, United Arab Emirates",60.24,44.25,52.57,49.37,58.46,93.11
289,"Lexington, KY, United States",60.18,26.86,44.21,62.47,51.31,127.17
290,"Thessaloniki, Greece",59.7,13.02,37.33,45.5,55.2,36.87
291,"Athens, Greece",59.7,15.8,38.66,46.54,55.31,41.24
292,"Catania, Italy",59.53,16.23,38.78,45.01,57.53,65.83
293,"Port of Spain, Trinidad And Tobago",59.49,20.24,40.68,52.53,66.01,38.2
294,"Bari, Italy",59.34,17.9,39.48,52.68,53.98,69.05
295,"Ljubljana, Slovenia",59.05,22.21,41.39,50.37,49.74,59.33
296,"Male, Maldives",58.87,29.77,44.93,54.51,32.82,28.6
297,"Split, Croatia",58.86,15.52,38.09,52.67,50.74,37.89
298,"Zaragoza (Saragossa), Spain",58.71,18.57,39.47,50.82,55.06,70.57
299,"Granada, Spain",58.64,18.5,39.4,47.29,50.36,60.46
300,"Makati, Philippines",58.27,25.44,42.54,66.35,26.64,29.44
301,"Heraklion, Greece",58,13.56,36.7,43.98,44.59,44.13
302,"Panama City, Panama",57.91,25.34,42.3,58.01,54.01,33.75
303,"Palermo, Italy",57.53,15.57,37.42,45.65,46.42,62.29
304,"Patras, Greece",57.12,9.36,34.23,43.89,40.58,43.57
305,"Manama, Bahrain",56.94,29.05,43.57,45.96,50.95,51.67
306,"Tallinn, Estonia",56.32,17.93,37.92,43.77,54.12,64.03
307,"Rijeka, Croatia",56.27,11.26,34.7,49.15,48.39,49.26
308,"El Paso, TX, United States",56.2,22.67,40.13,57.39,43.12,124.36
309,"Harare, Zimbabwe",56.04,12.07,34.97,49.48,39.53,21.16
310,"Seville (Sevilla), Spain",54.94,20.76,38.56,49.92,43.81,67.4
311,"Amman, Jordan",54.52,11.1,33.71,43.47,47.25,32.81
312,"Malaga, Spain",54.5,24.44,40.09,43.85,51.21,68.09
313,"Ajman, United Arab Emirates",54.37,35.68,45.42,40.2,57.87,46.39
314,"Abidjan, Ivory Coast",54.25,23.3,39.42,45.99,34.2,7.39
315,"Maribor, Slovenia",54.05,13.31,34.53,45.88,39.75,69.45
316,"Valencia, Spain",54.04,23.24,39.28,43.92,50.5,72.31
317,"Santa Cruz de Tenerife, Spain",53.74,19.09,37.14,45.66,51.61,60.05
318,"Alicante, Spain",53.74,18.53,36.87,44.37,51.58,80.08
319,"Bangkok, Thailand",53.37,22.68,38.66,53.3,25.43,32.25
320,"Paphos, Cyprus",53.26,15.02,34.93,44.02,43.62,58.94
321,"Funchal, Portugal",53.07,18.68,36.59,40.8,39.22,52.24
322,"San Jose, Costa Rica",53.07,16.28,35.44,51.18,41.27,42.14
323,"Riga, Latvia",52.77,15.22,34.78,39.74,48.13,50.24
324,"Kingston, Jamaica",52.76,15.89,35.09,53.88,36.85,30.05
325,"Tartu, Estonia",52.69,13.71,34.01,42.74,48.31,62.49
326,"Lisbon, Portugal",52.62,31.4,42.46,40.99,44.45,47.16
327,"Zagreb, Croatia",52.32,16.22,35.02,44.63,43.14,49.87
328,"Porto, Portugal",52.09,24.99,39.1,42.93,41.06,42.64
329,"Sharjah, United Arab Emirates",52.05,23.74,38.48,40.68,38.84,82.05
330,"Riyadh, Saudi Arabia",51.76,14.12,33.72,42.92,34.89,92.48
331,"Bratislava, Slovakia",51.47,21.93,37.32,44.2,43.19,63.48
332,"Jeddah (Jiddah), Saudi Arabia",51.17,10.23,31.55,40.66,32.67,77.53
333,"Muscat, Oman",51.1,18.5,35.47,47.69,44.86,94.24
334,"Braga, Portugal",51.06,17.48,34.97,43.52,35.81,51.98
335,"Shanghai, China",50.22,38.78,44.74,53.06,37.5,58.47
336,"Phuket, Thailand",50.07,17.02,34.23,50.85,29.05,31.83
337,"Coimbra, Portugal",49.97,16.34,33.85,41.85,39.63,50.36
338,"Kuwait City, Kuwait",49.77,30.47,40.52,37.26,42.32,65.03
339,"Pattaya, Thailand",49.5,16.02,33.46,51.27,29.31,21.29
340,"Montevideo, Uruguay",48.99,13.99,32.22,40.48,43.24,34.95
341,"Prague, Czech Republic",48.88,25.38,37.62,41.94,35.9,62.03
342,"Klaipeda, Lithuania",48.88,10.96,30.71,37.93,42.61,56
343,"Wuhan, China",48.82,10.15,30.29,58.16,28.59,41.55
344,"Ad Dammam, Saudi Arabia",48.76,14.18,32.19,41.58,30.32,83.41
345,"Havana, Cuba",48.33,5.7,27.9,35.88,31.51,2.39
346,"Shenzhen, China",48.29,26.2,37.71,53.1,33.54,57.85
347,"Kosice, Slovakia",48.07,16.55,32.96,39.82,38.93,51.18
348,"Osijek, Croatia",47.74,9.37,29.36,44.35,30.71,49.81
349,"Aveiro, Portugal",47.65,16.38,32.66,40.21,34.02,53.13
350,"Phnom Penh, Cambodia",47.49,16.97,32.86,47.89,24.56,15.46
351,"Vilnius, Lithuania",47.08,16.97,32.65,36.74,46.65,60.43
352,"Brno, Czech Republic",46.37,18.91,33.21,40.31,34.36,62.38
353,"Kaunas, Lithuania",46.13,12.85,30.18,37.25,41.27,56.54
354,"Beijing, China",46.08,34.98,40.76,46.47,33.48,59.05
355,"Chiang Mai, Thailand",45.96,13.14,30.24,51.46,21.36,35.77
356,"Guatemala City, Guatemala",45.77,15.19,31.12,42.25,33.19,28.71
357,"San Salvador, El Salvador",45.31,14,30.31,45.25,30.65,21.84
358,"Suva, Fiji",45.02,16.99,31.59,48.36,35.68,35.69
359,"Santiago, Chile",44.84,14.3,30.2,38.27,41.5,35.87
360,"Chengdu, China",44.63,9.91,27.99,53.79,23.25,51.45
361,"Warsaw, Poland",44.11,23.91,34.43,35.23,37.7,53.49
362,"Olomouc, Czech Republic",43.9,13.18,29.18,40.3,27.75,61.03
363,"Bali, Indonesia",43.89,10.8,28.03,43.9,27.59,12.82
364,"Cebu, Philippines",43.83,14.08,29.58,45.64,23.44,21.93
365,"Petaling Jaya, Malaysia",43.6,15.05,29.92,46.27,24.75,56.88
366,"Davao, Philippines",43.12,9.86,27.18,44.38,20.27,18.21
367,"Budapest, Hungary",43.09,16.61,30.4,35.18,33.31,50.52
368,"Quito, Ecuador",43.03,12.9,28.59,39.38,30.66,33.02
369,"Ostrava, Czech Republic",42.87,11.88,28.02,38.48,28.24,60.8
370,"Guayaquil, Ecuador",42.83,12.55,28.32,37.95,28.24,32.74
371,"Sofia, Bulgaria",42.64,13.89,28.86,36.09,34.35,49.11
372,"Bydgoszcz, Poland",42.56,13.71,28.73,35.68,31.99,51.09
373,"Manila, Philippines",42.52,24.64,33.95,39.44,22.89,20.27
374,"Quezon City, Philippines",42.48,10.02,26.92,41.07,17.63,25.25
375,"Santo Domingo, Dominican Republic",42.43,10.81,27.28,37.68,34.19,22.36
376,"Yangon, Myanmar",42.37,29.25,36.09,46.23,25.42,10.74
377,"Gdansk, Poland",42.3,21.63,32.39,33.17,33.45,47.82
378,"Guangzhou, China",42.12,18.22,30.67,44.98,26.44,62.22
379,"Johor Bahru, Malaysia",42.01,8.77,26.08,48.26,21.34,63.57
380,"Gdynia, Poland",41.81,18.1,30.44,32.85,31.95,44.61
381,"Kuala Lumpur, Malaysia",41.8,13.89,28.42,42.79,23.79,62.52
382,"Jakarta, Indonesia",41.79,17.68,30.24,42.81,21.85,26.22
383,"Poznan, Poland",41.36,18.81,30.56,33.83,33.56,45.39
384,"Podgorica, Montenegro",41.29,11.47,27,32.96,30.59,36.69
385,"Johannesburg, South Africa",41.25,14.11,28.24,32.67,36.99,76.07
386,"Krakow (Cracow), Poland",41.17,19.07,30.58,32.9,34.12,50.26
387,"Bucharest, Romania",41.17,14.34,28.31,34.19,37.05,51.09
388,"Belgrade, Serbia",40.97,12,27.09,30.31,34.12,36.4
389,"Pretoria, South Africa",40.85,11.73,26.9,32.14,32.02,80.75
390,"Gaborone, Botswana",40.82,10.38,26.23,34.9,44.48,71
391,"Wroclaw, Poland",40.78,20.07,30.86,32.63,33.95,50.78
392,"Santa Cruz, Bolivia",40.69,12.39,27.13,34.84,27.56,43.94
393,"Marrakech, Morocco",40.53,9.53,25.67,32.33,36.62,29.22
394,"Erbil (Irbil), Iraq",40.2,11.49,26.44,34.76,28.14,38.54
395,"Tirana, Albania",40.08,10.3,25.81,32.95,28.2,29.29
396,"Accra, Ghana",40.07,22.13,31.48,39.81,30.67,18.95
397,"Banja Luka, Bosnia And Herzegovina",39.62,8.23,24.58,33.24,25.98,35.85
398,"Constanta, Romania",39.58,8.77,24.82,31.8,39.19,39.65
399,"Lima, Peru",39.5,15.18,27.84,37.45,24.9,28.79
400,"Penang, Malaysia",39.35,9.89,25.23,41.73,20.75,66.04
401,"Baghdad, Iraq",39.32,12.9,26.66,32.31,29.43,39.35
402,"Lodz, Poland",39.28,14.93,27.61,30.86,30.07,47.51
403,"Varna, Bulgaria",39.25,8.45,24.49,34.25,30.88,44.69
404,"Da Nang, Vietnam",39.13,14.61,27.38,41.97,17.89,19.18
405,"Brasov, Romania",38.94,11.33,25.71,34.34,33.38,43.79
406,"Plovdiv, Bulgaria",38.89,8.82,24.48,33.79,29.52,42.61
407,"Tehran, Iran",38.82,22.21,30.86,34.56,25.62,17.38
408,"Cluj-Napoca, Romania",38.79,14.27,27.04,34.07,33.25,52.08
409,"Sarajevo, Bosnia And Herzegovina",38.62,8.12,24,31.8,25.64,48.83
410,"Tangier, Morocco",38.62,10.81,25.29,34.36,27.24,29.29
411,"Ho Chi Minh City, Vietnam",38.59,19.27,29.33,38.38,19.64,25.48
412,"Cape Town, South Africa",38.57,21.9,30.58,32.89,34.41,66.15
413,"Maputo, Mozambique",38.48,18.15,28.73,30.57,32.67,16.42
414,"Burgas, Bulgaria",38.4,7.69,23.69,32.39,31.84,34.94
415,"Hangzhou, China",38.38,16.35,27.83,40.24,25.54,71.06
416,"Szczecin, Poland",38.29,13.81,26.56,31.36,29.08,51.25
417,"Debrecen, Hungary",38.27,11.37,25.38,31.48,30.88,48.9
418,"Nairobi, Kenya",38.26,12.04,25.69,35.5,30.83,26.53
419,"La Paz, Bolivia",38.21,11.65,25.48,34.67,26.02,33.84
420,"Szeged, Hungary",38.14,9.3,24.32,33.67,25.42,50.97
421,"Moscow, Russia",38.03,24.49,31.54,29.43,37.63,50.17
422,"Lublin, Poland",37.92,14.58,26.73,28.73,29.7,51.26
423,"Novi Sad, Serbia",37.73,9.63,24.26,28.67,28.95,42.54
424,"Casablanca, Morocco",37.63,12.83,25.75,32.53,27.7,32.13
425,"Katowice, Poland",37.44,15.07,26.72,28.61,28.41,47.86
426,"Hanoi, Vietnam",37.38,11.54,24.99,38.15,18.04,30.66
427,"Iasi, Romania",37.35,10.58,24.53,31.93,28.76,45.42
428,"Mexico City, Mexico",37.15,18.27,28.1,33.32,35.14,40.87
429,"Lagos, Nigeria",36.9,35.92,36.43,37.76,27.89,10.75
430,"Skopje, North Macedonia",36.82,8.7,23.35,30.65,26.64,33.68
431,"Sibiu, Romania",36.79,9.81,23.86,32.26,31.85,49.77
432,"Rabat, Morocco",36.62,12.13,24.89,32.8,25.28,36.98
433,"Timisoara, Romania",36.61,11.04,24.36,32.1,29.03,65.01
434,"Vladivostok, Russia",36.39,12.83,25.1,31.99,31.5,32.11
435,"Durban, South Africa",36.32,11.49,24.42,29.09,29.6,66.49
436,"Monterrey, Mexico",36.17,11.85,24.52,34.33,32.56,51.59
437,"Buenos Aires, Argentina",36.11,9.43,23.32,27.63,32.07,37.72
438,"Oradea, Romania",36.09,8.29,22.77,32.23,24.83,43.53
439,"Dar es Salaam, Tanzania",36.08,18.84,27.82,29.97,18.77,15.33
440,"Arad, Romania",35.68,6.4,21.65,33,23.36,45.23
441,"Surabaya, Indonesia",35.45,10.38,23.43,41.31,16.67,23.54
442,"Bandung, Indonesia",35.1,7.88,22.06,36.93,15.65,24.47
443,"Tijuana, Mexico",35.06,12.59,24.29,32.38,29.54,39.71
444,"Cuenca, Ecuador",34.98,12.31,24.12,32.52,22.83,30.69
445,"Craiova, Romania",34.91,8.35,22.18,30.87,25.59,48.28
446,"Kigali, Rwanda",34.71,17.11,26.27,29.41,29.18,22.23
447,"Dhaka, Bangladesh",34.7,5.65,20.78,32.12,21.09,25.17
448,"Colombo, Sri Lanka",34.63,14.24,24.86,40.02,19.09,21.1
449,"Cancun, Mexico",34.5,12.12,23.78,31.82,28.54,35.86
450,"Agadir, Morocco",34.4,7.64,21.58,30.88,25.63,27.03
451,"Puerto Vallarta, Mexico",33.94,17.22,25.93,34.89,29.14,25.28
452,"Nis, Serbia",33.87,6.55,20.78,27.25,25.09,35.63
453,"Chisinau, Moldova",33.85,9.62,22.24,26.77,27.46,27.02
454,"Merida, Mexico",33.74,8.19,21.49,34.38,25.62,29.03
455,"Queretaro, Mexico",33.67,9.92,22.29,33.24,26.48,42.02
456,"Saint Petersburg, Russia",33.57,15,24.67,27.66,29.45,42.37
457,"Sao Paulo, Brazil",33.41,12.85,23.55,26.27,27.08,35.38
458,"Ulaanbaatar, Mongolia",33.33,10.45,22.36,33.66,21.1,30.11
459,"Yerevan, Armenia",33.31,11.03,22.63,26.1,27.31,27.67
460,"Kampala, Uganda",33.03,9.73,21.86,28.71,24.75,14.89
461,"Yogyakarta, Indonesia",32.96,10.85,22.36,37.67,13.91,10.78
462,"Guadalajara, Mexico",32.58,12.02,22.72,31.42,27.78,39.94
463,"Baku, Azerbaijan",32.53,10.42,21.93,27.18,30.22,30.45
464,"Campinas, Brazil",32.34,7.18,20.28,24.18,22.69,37.1
465,"Cairo, Egypt",32.33,7.79,20.57,26.98,29.88,22.38
466,"Aguascalientes, Mexico",32.05,6.16,19.64,30.67,29.6,41.76
467,"Gurgaon, India",31.99,9.79,21.35,30.93,25.04,79.88
468,"Tyumen, Russia",31.64,7.67,20.15,26.67,32.09,37.7
469,"Damascus, Syria",31.54,9.49,20.98,29.55,27.43,8.02
470,"Minsk, Belarus",31.53,11.12,21.74,27.13,32.09,36.46
471,"Rio de Janeiro, Brazil",31.49,10.3,21.33,24.43,24.07,26.09
472,"Brasilia, Brazil",31.43,10.26,21.28,24.09,23.79,48.39
473,"Kiev (Kyiv), Ukraine",31.36,15.77,23.89,26.56,24.83,40.37
474,"Puebla, Mexico",31.25,7.86,20.04,30.99,20.95,38.56
475,"Astana (Nur-Sultan), Kazakhstan",31.23,9.7,20.91,25.56,29.72,44.68
476,"Nizhny Novgorod, Russia",31.18,9.75,20.91,25.24,28.4,34.8
477,"Chittagong, Bangladesh",31.13,4.05,18.16,29.46,20.07,27.32
478,"Istanbul, Turkey",30.99,8,19.97,27.09,20.65,36.61
479,"Tunis, Tunisia",30.95,6.9,19.42,29.44,16.46,29.39
480,"Algiers, Algeria",30.88,7.5,19.67,31.21,17.73,25.86
481,"Zapopan, Mexico",30.82,11.5,21.56,30.04,25.6,47.63
482,"Kathmandu, Nepal",30.55,4.93,18.28,28.62,21.81,21.75
483,"Odessa (Odesa), Ukraine",30.27,9.79,20.45,24.77,23.55,32.5
484,"Asuncion, Paraguay",30.22,9.92,20.49,24.13,24.37,30.33
485,"Rostov-na-donu, Russia",30.08,8.02,19.51,24.42,28.76,33.96
486,"Irkutsk, Russia",29.97,8.49,19.68,26.31,26.41,33.78
487,"Fortaleza, Brazil",29.95,5.79,18.37,22.1,17.59,25.19
488,"Krasnoyarsk, Russia",29.94,7.62,19.25,27.15,26.37,37.32
489,"Yekaterinburg, Russia",29.89,8.82,19.8,23.6,27.33,45.64
490,"Florianopolis, Brazil",29.88,8.35,19.56,22.36,25.44,30.84
491,"Porto Alegre, Brazil",29.85,7.75,19.26,23.74,20.53,31.96
492,"Kaliningrad, Russia",29.8,6.85,18.8,25.33,23.53,34.61
493,"Samara, Russia",29.65,8.46,19.5,24.05,27.21,32.33
494,"Chandigarh, India",29.59,6.16,18.36,32.64,18.16,47.27
495,"Bogota, Colombia",29.57,12.25,21.27,24.68,20.67,26.01
496,"Voronezh, Russia",29.56,6.87,18.69,25.04,27.34,32.88
497,"Belo Horizonte, Brazil",29.52,7.15,18.8,22.73,21.04,22.3
498,"Novosibirsk, Russia",29.46,9.53,19.91,26.47,23.21,35.21
499,"Mumbai, India",29.36,21.1,25.4,29.82,24.79,42.9
500,"Recife, Brazil",29.28,7.3,18.75,22.37,20.32,21.64
501,"Ufa, Russia",29.28,8.23,19.19,23.69,28.11,35.19
502,"Tbilisi, Georgia",29.25,11.69,20.83,24.79,26.24,27.24
503,"Perm, Russia",29.18,7.21,18.65,24.22,25.56,39.87
504,"Ankara, Turkey",29.14,5.41,17.77,26.27,19.38,41.86
505,"Bursa, Turkey",29.11,4.76,17.45,27.46,17.08,36.4
506,"Almaty, Kazakhstan",29.07,10.19,20.03,25.55,24.16,36.32
507,"Omsk, Russia",29.07,6.77,18.38,26.32,24.57,27.55
508,"Kharkiv, Ukraine",29.06,10.58,20.2,23.01,21.28,30.59
509,"Kazan, Russia",28.8,8.53,19.08,24.69,25.69,39.38
510,"Krasnodar, Russia",28.74,8,18.8,23.82,24.98,36.8
511,"Izmir, Turkey",28.61,5.62,17.59,26.26,17.64,38.97
512,"Lviv, Ukraine",28.56,10.11,19.72,25.27,21.52,29.95
513,"Volgograd, Russia",28.51,6.55,17.98,22.52,30.88,32.5
514,"Alexandria, Egypt",28.48,5.56,17.5,26.84,21.27,18.08
515,"Tashkent, Uzbekistan",28.41,9.11,19.16,25.54,20.77,23.84
516,"Saratov, Russia",28.4,5.61,17.48,23.45,26.28,30.93
517,"Medellin, Colombia",28.36,9.26,19.21,25.45,20.89,28.67
518,"Mykolaiv, Ukraine",28.34,5.53,17.41,22.55,27.23,24.07
519,"Curitiba, Brazil",28.26,6.65,17.91,22.49,20.98,31.05
520,"Dnipro, Ukraine",28.17,8.33,18.66,22.33,22.78,33.01
521,"Batumi, Ajara, Georgia",28.14,8.05,18.51,26.1,22.11,21.58
522,"Tomsk, Russia",28.08,6.53,17.75,24.58,22.27,37.55
523,"Antalya, Turkey",28.02,4.71,16.85,27.03,17.58,37.72
524,"Barranquilla, Colombia",27.99,7.59,18.21,23.91,17.73,29.68
525,"Chelyabinsk, Russia",27.97,5.82,17.35,23.67,21.17,38.22
526,"Bangalore, India",27.85,8.88,18.76,29.16,19.09,67.75
527,"Pristina, Kosovo (Disputed Territory)",27.85,9.07,18.85,25.87,19.82,50.42
528,"Paramaribo, Suriname",27.74,7.34,17.97,29.65,23.33,20.87
529,"Zaporizhzhya, Ukraine",27.72,4.16,16.43,23.75,17.42,25.83
530,"Goa, India",27.49,7.35,17.84,26.74,23.86,39.91
531,"Noida, India",27.49,5.85,17.12,25.75,21.66,62.11
532,"Delhi, India",27.48,8.43,18.36,26.13,23.51,47.37
533,"Vinnytsia, Ukraine",27.4,6.82,17.54,24.07,19.82,30.63
534,"Izhevsk, Russia",27.24,5.61,16.88,24.64,22.89,35.14
535,"Thane, India",26.94,8.3,18.01,26.53,22.35,52.66
536,"Ghaziabad, India",26.86,4.79,16.29,27.87,17.69,60.36
537,"Salvador, Brazil",26.79,6.47,17.05,20.28,17.36,25.77
538,"Ahmedabad, India",26.66,6.08,16.8,29.61,16.54,35.11
539,"Ranchi, India",26.63,3.92,15.75,29.77,19.24,56.51
540,"Bucaramanga, Colombia",26.51,6.1,16.73,21.23,15.83,30.56
541,"Hyderabad, India",26.45,6.56,16.92,28.51,17.52,52.9
542,"Navi Mumbai, India",26.41,9.82,18.46,28.11,19.92,85.36
543,"Pune, India",26.31,7.41,17.25,27.63,20.25,54.24
544,"Ternopil, Ukraine",26.2,5.16,16.12,23.58,15.7,23.76
545,"Sumy, Ukraine",26.2,4.52,15.81,23.56,17.32,27.57
546,"Kolkata, India",26.05,5.98,16.43,28.68,18.61,42.07
547,"Guwahati, India",26.02,3.78,15.36,29.42,16.05,44.79
548,"Cali, Colombia",25.95,6.4,16.58,22.13,17.99,33.77
549,"Chennai, India",25.62,6.44,16.43,28.32,16.04,50.81
550,"Surat, India",24.83,4.73,15.19,26.35,17.87,42.3
551,"Jaipur, India",24.6,4.78,15.1,24.28,16.13,44.95
552,"Rawalpindi, Pakistan",24.59,5.02,15.21,19.66,19.86,20.09
553,"Indore, India",24.42,3.9,14.59,25.53,14.5,41.37
554,"Vadodara, India",24.41,4.22,14.74,26.4,16.06,49.59
555,"Patna, India",24.26,3.57,14.35,25.23,16.94,43.74
556,"Nagpur, India",24.14,4.34,14.65,25.65,17.87,56.69
557,"Coimbatore, India",24.02,4.91,14.86,27.83,13.08,39.62
558,"Bishkek, Kyrgyzstan",23.84,7.73,16.12,21.27,19.96,23.03
559,"Lucknow (Lakhnau), India",23.62,4.9,14.65,22.21,19.22,51.8
560,"Rajkot, India",23.58,4.06,14.22,23.92,16.63,50.05
561,"Madurai, India",23.54,3.46,13.92,26.6,11.77,37.79
562,"Kochi, India",23.4,4.69,14.43,26.69,13.08,49.15
563,"Islamabad, Pakistan",23.34,6.29,15.17,20.61,16.85,29.13
564,"Bhopal, India",22.77,3.72,13.64,22.3,18.36,44.65
565,"Bhubaneswar, India",22.75,3.43,13.49,25.37,12.85,64.3
566,"Mysore, India",22.7,4.58,14.02,24.16,13.66,50.09
567,"Vijayawada, India",22.68,4.98,14.2,25.04,12.13,38.68
568,"Raipur, India",22.63,5.86,14.59,22.12,16.99,52.36
569,"Visakhapatnam, India",22.17,4.07,13.5,25.33,12.69,47.87
570,"Lahore, Pakistan",22.1,4.54,13.68,19.19,16.67,27.81
571,"Karachi, Pakistan",21.97,4.34,13.52,19.62,16.73,27.62
572,"Kozhikode (Calicut), India",21.43,4.45,13.29,22.9,11.63,50.58
573,"Thiruvananthapuram, India",20.46,4.13,12.63,21.75,12.02,65.24
